{
  "project_info": {
    "project_number": "45494962654",
    "project_id": "bhumobileapp",
    "storage_bucket": "bhumobileapp.firebasestorage.app"
  },
  "client": [
    {
      "client_info": {
        "mobilesdk_app_id": "1:45494962654:android:10cbf08734d8b4798e354f",
        "android_client_info": {
          "package_name": "com.example.helloworld"
        }
      },
      "oauth_client": [],
      "api_key": [
        {
          "current_key": "AIzaSyDmqfutjHRTvNhvmM8jW4gBNGbvfdh7HXI"
        }
      ],
      "services": {
        "appinvite_service": {
          "other_platform_oauth_client": []
        }
      }
    }
  ],
  "configuration_version": "1"
}